cluster_count,silhouette,calinski_harabasz,davies_bouldin,ari,nmi,purity,accuracy,f1_macro
5,0.35797786712646484,2569.680419921875,1.035540678580553,0.277293316461712,0.381963667637417,0.45001093852548674,0.45001093852548674,0.3623762721558563
6,0.32581108808517456,2452.163818359375,1.08882906517564,0.29551497708265256,0.40913385006769887,0.4493546269962809,0.4406038066068694,0.39634224735188345
7,0.34748220443725586,2395.52392578125,0.9322615465185088,0.2951948672657976,0.39326740193124027,0.46838766134325094,0.45351126668125136,0.4022398304254443
8,0.3532395362854004,2327.9228515625,0.8252654277122685,0.29592129060150435,0.39414778839310183,0.46970028440166267,0.4526361846423102,0.40202321765258786
9,0.30666622519493103,2244.408935546875,1.0756290725500732,0.26865474167595405,0.3853837488815905,0.4907022533362503,0.4736381535768978,0.4328985203821467
10,0.3115083575248718,2285.01025390625,0.9758670609644516,0.2644584587245256,0.38223277925821797,0.4955152045504266,0.4753883176547801,0.4358030242587354
11,0.322608083486557,2302.11865234375,0.9512290169609373,0.2669659688872296,0.39522313672457354,0.5429884051629841,0.4972653686283089,0.4896617070914414
