cluster_count,silhouette,calinski_harabasz,davies_bouldin,ari,nmi,purity,accuracy,f1_macro
5,0.4952690601348877,11816.092907297036,0.7821799329735588,0.44187430438593717,0.5684638486866622,0.5453551912568306,0.5453551912568306,0.43136942390096933
6,0.4726240038871765,11079.053643733514,0.8717541358120292,0.4284609111381932,0.5407551575204081,0.5495081967213115,0.5495081967213115,0.4741624673303143
7,0.46252673864364624,10497.505144185174,0.8931860070772057,0.45098242973651476,0.5581385275176595,0.6028415300546448,0.6028415300546448,0.5652223093318449
8,0.4458425045013428,10360.91015769784,0.916805201123312,0.4645165776838629,0.5707385909473437,0.6024043715846995,0.6019672131147541,0.5979335985269286
9,0.411516934633255,10522.90064891107,0.9719536255149901,0.43875633641809775,0.5566614533445712,0.6378142076502732,0.6378142076502732,0.6381510863442197
10,0.40408116579055786,10146.339845458151,0.9895969848829077,0.43885680169583735,0.5482913672246541,0.6439344262295082,0.6439344262295082,0.6427581623473744
11,0.4112948775291443,9941.51565256367,1.0059032249094724,0.42561215424014953,0.5365036092308129,0.6362841530054645,0.6362841530054645,0.6317813237731771
