cluster,size,dominant_topic,dominant_share,topic_count
0,832,comp.graphics,0.5120192307692307,7
1,1049,rec.autos,0.4852240228789323,7
2,520,sci.med,0.9653846153846154,5
3,845,sci.space,0.621301775147929,8
4,1329,comp.sys.ibm.pc.hardware,0.40105342362678703,7
