metric_group,metric,value
internal,silhouette,0.4952690601348877
internal,calinski_harabasz,11816.092907297036
internal,davies_bouldin,0.7821799329735588
external,ari,0.44187430438593717
external,nmi,0.5684638486866622
external,purity,0.5453551912568306
external,accuracy,0.5453551912568306
external,f1_macro,0.43136942390096933
