silhouette,calinski_harabasz,davies_bouldin,ari,nmi,purity,accuracy,f1_macro,best_k
0.35797786712646484,2569.680419921875,1.035540678580553,0.277293316461712,0.381963667637417,0.45001093852548674,0.45001093852548674,0.3623762721558563,5.0
